{
	"info": {
		"_postman_id": "b5eedf62-b01d-4ec9-a7dc-aa55d4e0f53d",
		"name": "Iguazio Trial Quick-Start Examples",
		"description": "HTTP Examples for the Iguazio Trial Quick-Start Tutorials",
		"schema": "https://schema.getpostman.com/json/collection/v2.1.0/collection.json"
	},
	"item": [
		{
			"name": "Simple-Object API - PUT Object (Image File)",
			"request": {
				"method": "PUT",
				"header": [
					{
						"key": "",
						"value": "",
						"disabled": true
					},
					{
						"key": "Content-Type",
						"value": "application/x-www-form-urlencoded"
					}
				],
				"body": {
					"mode": "file",
					"file": {
						"src": ""
					}
				},
				"url": {
					"raw": "http://{{nginx-host}}:{{nginx-port}}/{{container}}/{{images-dir}}/{{image-file}}",
					"protocol": "http",
					"host": [
						"{{nginx-host}}"
					],
					"port": "{{nginx-port}}",
					"path": [
						"{{container}}",
						"{{images-dir}}",
						"{{image-file}}"
					]
				},
				"description": ""
			},
			"response": []
		},
		{
      "name": "Simple-Object API - GET Object (Image File)",
			"request": {
				"method": "GET",
				"header": [
					{
						"key": "",
						"value": "",
						"disabled": true
					},
					{
						"key": "Content-Type",
						"value": "application/x-www-form-urlencoded"
					}
				],
				"body": {
					"mode": "file",
					"file": {
						"src": ""
					}
				},
				"url": {
					"raw": "http://{{nginx-host}}:{{nginx-port}}/{{container}}/{{test-dir}}/{{image-file}}",
					"protocol": "http",
					"host": [
						"{{nginx-host}}"
					],
					"port": "{{nginx-port}}",
					"path": [
						"{{container}}",
						"{{images-dir}}",
						"{{image-file}}"
					]
				}
			},
			"response": []
		}
	]
}

