{
  "id": "487f546c-c074-41e0-8b0b-d7ce0de2a532",
  "name": "iguazio_trial_qs_examples",
  "values": [
    {
      "key": "username",
      "value": "YOUR-USERNAME",
      "description": "",
      "type": "text",
      "enabled": true
    },
    {
      "key": "password",
      "value": "YOUR-PASSWORD",
      "description": "",
      "type": "text",
      "enabled": true
    },
    {
      "key": "nginx-host",
      "value": "webapi.iguazio.app.YOUR-WEB-GATEWAY-ID.staging.sbx.iguazio.com",
      "description": "",
      "type": "text",
      "enabled": true
    },
    {
      "key": "nginx-port",
      "value": "YOUR-WEB-GATEWAY-PORT",
      "description": "",
      "type": "text",
      "enabled": true
    },
    {
      "key": "mgmt-host",
      "value": "YOUR-DASHBOARD-HOST-IP",
      "description": "",
      "type": "text",
      "enabled": true
    },
    {
      "key": "mgmt-port",
      "value": "8001",
      "description": "",
      "type": "text",
      "enabled": true
    },
    {
      "key": "container",
      "value": "bigdata",
      "description": "",
      "type": "text",
      "enabled": true
    },
    {
      "key": "test-dir",
      "value": "mydata",
      "description": "",
      "type": "text",
      "enabled": true
    },
    {
      "key": "test-file",
      "value": "ny-taxis.csv",
      "description": "",
      "type": "text",
      "enabled": true
    },
    {
      "key": "test-table",
      "value": "ny-taxis",
      "description": "",
      "type": "text",
      "enabled": true
    },
    {
      "key": "images-dir",
      "value": "mydata",
      "description": "",
      "type": "text",
      "enabled": true
    },
    {
      "key": "image-file",
      "value": "test-image.png",
      "description": "",
      "type": "text",
      "enabled": true
    }
  ],
  "_postman_variable_scope": "environment",
  "_postman_exported_at": "2018-07-07T16:34:18.633Z",
  "_postman_exported_using": "Postman/6.1.4"
}
